"","Subject","stim","emotion","ief_c","THRESH_mean","THRESH_CI_2.5","THRESH_CI_97.5","THRESH_sd","SLOPE_mean","SLOPE_CI_2.5","SLOPE_CI_97.5","SLOPE_sd"
"1","s1","1113","happy",0.3436054,0.212534173964641,0.165756111175938,0.256637805319313,0.0231725328348727,5.19678207029158,3.94997900779165,6.69310098202953,0.695478513316247
"2","s1","1121","angry",-0.4286024,0.223128275160749,0.178456196342293,0.273429255838047,0.0242238404114324,5.53008116412169,4.08317818296537,7.22371115369093,0.795208589035526
"3","s1","1132","neutral",-0.4177518,0.21509277761514,0.182260345698456,0.247272285082184,0.0167796873100474,5.36741011002922,4.18021239730426,6.71246905963933,0.642639236699191
"4","s1","1143","happy",-0.2531828,0.22440726002316,0.181600516875184,0.267932310614937,0.0219427291747663,5.54777452985944,4.27926367119286,7.03423358733213,0.700629831373024
"5","s1","1151","angry",0.2785012,0.223286205437189,0.180606293294923,0.267788126860581,0.0220887354698326,5.28099627071772,3.91762483919723,6.8645251130647,0.752517502897155
"6","s1","1162","neutral",-0.9982638,0.221120788735649,0.186069211051933,0.256369425327712,0.0178265809716412,5.59141560875153,4.33588232030654,7.04350579691075,0.689841643189657
"7","s1","2113","happy",-0.1103154,0.221666336602875,0.182727160785058,0.261177428745461,0.020003569057066,5.46374910824745,4.22234576691726,6.94018045129292,0.688548509187895
"8","s1","2121","angry",0.1880788,0.223163800039542,0.184172840495761,0.265132645278288,0.0205565516488852,5.31284853941686,3.96940320129603,6.87858161984003,0.742827052636113
"9","s1","2132","neutral",-0.5425348,0.216408221499347,0.184168652288358,0.248126657927463,0.0164777817606234,5.41556084273942,4.21812043287228,6.7675645253905,0.649189495787879
"10","s1","2142","neutral",-1,0.221138476850118,0.186083889307384,0.256426651084257,0.0178380637316385,5.59208556621474,4.3353586133199,7.04489146799785,0.690043126306874
"11","s1","2151","angry",0.0958478,0.223072085654381,0.186340382304051,0.263423466076512,0.0195340929809922,5.34533790703363,4.01670809494869,6.91196865831481,0.737524277857701
"12","s1","2163","happy",0.410518,0.211125928190244,0.16111504450182,0.258371384353391,0.0248063998019324,5.15742837990347,3.8927343349926,6.66925720758628,0.702280685162679
"13","s2","1113","happy",0.5949798,0.000385174350312352,-0.191268493624159,0.125915151857908,0.0826082340483138,1.1772138132663,0.670350840157039,1.70904884196179,0.264752912022596
"14","s2","1121","angry",0.1916956,0.577029335699138,0.467725758170815,0.731030887927248,0.0685377153549619,1.41912598861744,0.888529551679445,1.98769501386651,0.280730342698053
"15","s2","1131","angry",-0.7179542,0.360522060298475,0.238652713693062,0.491646228399777,0.0641022030595824,2.02436937570316,1.14625408401201,3.06543973521171,0.487554080288158
"16","s2","1142","neutral",0.4484954,0.314280776523049,0.214878085475032,0.416949018585917,0.0502781778441834,1.38377211027693,0.906713280184421,1.89822250338188,0.251864760404484
"17","s2","1153","happy",0.6745516,-0.0337923713635115,-0.264191920834295,0.105707963502543,0.0981596793534484,1.150019226369,0.621366437106132,1.70086745614298,0.27425888526637
"18","s2","1162","neutral",0.426794,0.317414764080009,0.21918776241651,0.419047434783303,0.0496472093688904,1.38466583120834,0.910329728202123,1.895062581549,0.249873938031796
"19","s2","2112","neutral",0.4503038,0.314019399083554,0.214581896179072,0.416765869910729,0.0503324151510704,1.38369763559178,0.906640893054247,1.89856805341837,0.252035158649367
"20","s2","2121","angry",0.7179542,1.45959163086712,0.556642547645522,1.95059352186859,33.0491766395044,1.06897526297886,0.287063819482328,1.83455429628518,0.391922189047128
"21","s2","2133","happy",0.6184896,-0.00942204452974348,-0.213166495407148,0.1197895679063,0.0863759668455136,1.16917906604382,0.654611411251112,1.70392177917989,0.267169795711993
"22","s2","2141","angry",-0.0452112,0.503192193419579,0.408537578721777,0.620007705063948,0.053872569374834,1.57675398353992,1.0424381452851,2.16742748937282,0.29159798035451
"23","s2","2152","neutral",-0.9928386,0.530924434013037,0.364859485438897,0.821893281106384,0.135466620457511,1.44313004870249,0.739882809221197,2.1220149798588,0.351433974963881
"24","s2","2163","happy",0.6058304,-0.00411339764593403,-0.203210789868848,0.123517901997148,0.0842696552503204,1.17350549468374,0.665323547295175,1.70520258049463,0.265826377599777
"25","s3","1113","happy",0.6221064,0.25038508773378,0.181631180654837,0.314926664366542,0.0343749221347407,2.15735080979881,1.56069911446913,2.85036336348414,0.326714162131225
"26","s3","1122","neutral",0.1338252,0.400985523247556,0.341394617772369,0.465376800076346,0.0314529423045672,2.26786150423875,1.73744213851517,2.85806957755609,0.286146860385553
"27","s3","1133","happy",0.5732784,0.255943461373784,0.190085360252622,0.318586556132407,0.0330725515789064,2.18029412216661,1.59254280487827,2.86264986626077,0.321911354701327
"28","s3","1141","angry",0.5606192,0.641712349024508,0.542585558905898,0.779863860145255,0.0608002566888427,1.70329517965933,1.10809467359895,2.31082410359007,0.307223533106057
"29","s3","1151","angry",0.4376446,0.621469004678465,0.53235007768505,0.745943886094851,0.0537185747934174,1.75830920905483,1.18476696514995,2.34726744060366,0.297704381869809
"30","s3","1162","neutral",0.1501012,0.400628186049954,0.340769431323142,0.465238464778204,0.0316277184272436,2.26354057244352,1.7334195726825,2.85339617693268,0.285875058720145
"31","s3","2112","neutral",-0.1392506,0.40711585114512,0.346944949576447,0.473780710871332,0.0323339234651887,2.34035732057738,1.77840414438249,2.9648277407801,0.299740539354845
"32","s3","2123","happy",0.5624276,0.257163914460205,0.191319749395548,0.319922449632501,0.0328669303991461,2.18539269867682,1.60068410235249,2.86512150812971,0.320997721899736
"33","s3","2132","neutral",0.1754196,0.400074245337849,0.339814048719881,0.465479002722526,0.0319507757739628,2.25681907578806,1.72634975369438,2.84530746560243,0.285576744198427
"34","s3","2143","happy",0.6383826,0.248507362300259,0.178467421595416,0.314267165160665,0.0349428564833395,2.14970294503349,1.55043149095696,2.84430417390698,0.328560823923419
"35","s3","2151","angry",0.370732,0.61168210391331,0.520533123111473,0.737100570394296,0.0547437187674316,1.78824329091669,1.20803268250063,2.37347662324421,0.298089246759324
"36","s3","2161","angry",0.67636,0.664225248731629,0.539963166302829,0.848030161379228,0.0808538782686722,1.65151726964003,1.00814758441307,2.29355777909937,0.327288695110178
"37","s4","1111","angry",0.5570024,0.20093398219477,0.145305846863432,0.25687417132276,0.0284679818746686,3.07638746763051,2.18043677570041,4.07145060295499,0.481157568683881
"38","s4","1123","happy",0.5135996,0.0672084001521039,-0.0134071930476707,0.143076801065987,0.0396908798517891,3.43064862318355,2.40519357028899,4.50890453115332,0.529713960610397
"39","s4","1132","neutral",0.4213686,0.0984134863513535,0.0362346347554743,0.156021333728466,0.0305113509120419,3.41691945482953,2.54919738018735,4.33288306710314,0.452308618885129
"40","s4","1141","angry",0.1519098,0.180993114700769,0.127830235567366,0.236023899814257,0.0272933064975846,3.2805393202091,2.39750069588453,4.27422244208972,0.478565156394045
"41","s4","1153","happy",-0.5624276,0.115407535567176,0.0574196312297881,0.170864076382355,0.0285666331036573,4.110388813563,3.08008013402745,5.31643542056322,0.570462688568829
"42","s4","1162","neutral",-0.7559318,0.142385216171673,0.0993175656311543,0.184000527408769,0.0214872759553713,3.7945843141886,2.91840883075533,4.77237845994317,0.472835298136113
"43","s4","2111","angry",0.5443432,0.200248231054979,0.145186424892133,0.255667669220885,0.0281382495759286,3.08276724137154,2.19497988281003,4.07496933899072,0.479292581470503
"44","s4","2122","neutral",-0.8608218,0.145908494133338,0.101804375986293,0.188822067911511,0.0220397694338206,3.82823185826331,2.93320998938224,4.83228569440548,0.484276507136528
"45","s4","2133","happy",-0.3436054,0.107000026475764,0.0576461887725768,0.154743753979881,0.0248221884466794,3.97215602178297,3.01195768656808,5.09466769139746,0.528361688508294
"46","s4","2142","neutral",-1,0.150502357967808,0.105140052385231,0.196198892941733,0.0230456985761636,3.87287867510704,2.94733547801859,4.91520895972596,0.501390530350612
"47","s4","2153","happy",0.016276,0.0918282030421226,0.0428986308241855,0.138512868332016,0.0246930067038081,3.74481432321808,2.8366681758185,4.80233757073253,0.494292049698244
"48","s4","2161","angry",0.6166812,0.204232995535969,0.145381908261813,0.264505476021112,0.0302789933430217,3.04631153541238,2.12469492022528,4.05599423948981,0.491371463791543
"49","s5","1112","neutral",-0.0542534,0.310976872965228,0.271405725474225,0.353096712999317,0.0208033525199226,4.24844634388932,3.33070416136331,5.34122841377046,0.509406970475966
"50","s5","1121","angry",-0.2242476,0.352116001866857,0.306677156769086,0.400853304482221,0.0234501152145515,4.21693037852735,3.21460152062234,5.39760056802571,0.554825741006334
"51","s5","1131","angry",-0.479239,0.351258539148406,0.306063337352799,0.397080461616613,0.0230267405107854,4.28955704128612,3.25635703294054,5.49449368617775,0.575559922466252
"52","s5","1143","happy",0.2260562,0.289305797126066,0.228824285161837,0.348003376018197,0.0305091574825066,4.30297232235869,3.24288859484887,5.56454985153781,0.592561765516415
"53","s5","1153","happy",-0.4032842,0.29571165219012,0.253148679839735,0.337993836820696,0.0214578943590458,4.74423767711186,3.67059635163184,6.04745413716166,0.601383298000085
"54","s5","1162","neutral",-0.0596788,0.311001994928274,0.271648773886867,0.352890866897065,0.0207554218194843,4.25059801075122,3.33301281867651,5.3423576369033,0.509284758137772
"55","s5","2113","happy",-0.3092448,0.294799618624961,0.253251735467282,0.335664892594739,0.021063006070794,4.67830145372341,3.62552851001311,5.96031146922754,0.591851864819691
"56","s5","2121","angry",-0.3002026,0.35179950505776,0.308020507670763,0.397956386388973,0.0224450743982413,4.2385638852646,3.24025873415174,5.42915797591438,0.557225789190752
"57","s5","2132","neutral",-1,0.315691777202931,0.269062217942588,0.364973202821975,0.0242423839978778,4.62352129116943,3.60744883727997,5.78424398972614,0.55489900711857
"58","s5","2142","neutral",-0.00542540000000002,0.310752125731822,0.270232076204236,0.353837654596376,0.0212725901629338,4.22908158008705,3.30429949098829,5.32239438619679,0.510710085816526
"59","s5","2153","happy",-0.7360388,0.29882683076823,0.247426453765907,0.351895765787475,0.0265326243752698,4.97755032733223,3.81771345892145,6.39047299774027,0.655402024306804
"60","s5","2161","angry",-0.656467,0.350996572061522,0.300041103065009,0.405762205224364,0.0271243754806237,4.34003512873303,3.22885918143981,5.59334126348118,0.60979602560065
"61","s6","1112","neutral",-1,0.2947744571463,0.249337330187494,0.341527173260583,0.0234389917941399,3.43541649783874,2.68456684381897,4.28565571657588,0.406702535389442
"62","s6","1121","angry",0.00542540000000002,0.330222247021765,0.269299611261451,0.393981420606235,0.0313198772700613,2.87285520456731,2.11146729903362,3.68096913507971,0.405000107047264
"63","s6","1133","happy",-0.1537182,0.293347534565039,0.238944200509865,0.347488910593291,0.0277933405863023,3.25345004017463,2.46334088745707,4.0924888732324,0.415761602452005
"64","s6","1141","angry",0.1627604,0.325542760032554,0.253902802024699,0.400277260584076,0.0367954981242964,2.87393983880866,2.0634232522244,3.72701284439245,0.42830475201797
"65","s6","1153","happy",0.0940394,0.28575960066004,0.230927149198882,0.340663571392381,0.0279132300434766,3.12667824957651,2.34573367997046,3.95069841779648,0.411622199344279
"66","s6","1162","neutral",-0.8608218,0.29223131797435,0.247759627297871,0.337619102791239,0.0228800047543059,3.39087505985159,2.66785514630158,4.20752738944199,0.393707489627168
"67","s6","2112","neutral",-0.9711372,0.294249327999775,0.249241514237432,0.340369206391616,0.0232729848492598,3.42617948646529,2.68013628682758,4.26767513211667,0.403795242920197
"68","s6","2123","happy",0.0108506,0.288342403253738,0.235685228566028,0.340536703514879,0.0265438305915818,3.16924402004615,2.38932103619563,4.00199052491577,0.409997713666692
"69","s6","2131","angry",-0.6546586,0.352857709562752,0.279349790658549,0.436889111157722,0.0400127059519228,2.86830472496287,1.99351269497826,3.80677865950643,0.465072074471872
"70","s6","2143","happy",0.0831886000000001,0.286098641416266,0.231799235758842,0.340737952283404,0.0276584247875415,3.13223035108792,2.35237599060312,3.95683958940284,0.411237502887929
"71","s6","2152","neutral",-0.9982638,0.294742901814016,0.24931248395504,0.341428535149833,0.0234282985921786,3.43486085877577,2.68450679301036,4.28456437020579,0.406524612985443
"72","s6","2161","angry",-0.459346,0.345551174790494,0.285762218381144,0.410641375259999,0.0318400022002781,2.86965116875304,2.07974838388806,3.73987920328246,0.422286996454184
"73","s7","1112","neutral",-1,0.152581556252348,0.115626687834718,0.190740483714587,0.0192743924958327,4.98824091386774,3.78509567855904,6.32791141529917,0.646067142202412
"74","s7","1123","happy",-0.20978,0.12856112709153,0.0860511404984233,0.169265799331071,0.0213086270216792,5.03173435709536,3.81891241931501,6.44093751165974,0.669943829324642
"75","s7","1133","happy",-0.2586082,0.129336414848589,0.0879946702971165,0.169005821620843,0.0206792640195217,5.06172037557313,3.84176995107263,6.47165089190532,0.672976754704275
"76","s7","1142","neutral",-0.5588108,0.142008519491524,0.105636565027812,0.177817778243452,0.0182479537709355,4.8367503638506,3.70807316871141,6.11587878997126,0.61432652650012
"77","s7","1151","angry",-0.3146702,0.124393794730586,0.0821308077974921,0.165635916840345,0.0211084272162452,4.84977047344672,3.5158790853437,6.37312433620443,0.725390809395443
"78","s7","1161","angry",-0.994647,0.125681742908148,0.0731786038640113,0.180661834119287,0.0268094457763839,5.12987457463251,3.45942716902996,7.01092001781861,0.894740103710974
"79","s7","2111","angry",-0.5099826,0.12469649797136,0.0838825948193671,0.164216984843946,0.0203505897864924,4.93022587170801,3.55173214938371,6.51414208512709,0.752743589386667
"80","s7","2123","happy",-0.5063658,0.133117886098362,0.0917322426812624,0.174217294945279,0.0209262152940185,5.21387146800763,3.93933145111218,6.69226379922181,0.700958866858925
"81","s7","2132","neutral",-1,0.152581556252348,0.115626687834718,0.190740483714587,0.0192743924958327,4.98824091386774,3.78509567855904,6.32791141529917,0.646067142202412
"82","s7","2143","happy",-0.6419994,0.135089047974681,0.0891542064997531,0.180050306764713,0.0231634158354873,5.29716578636889,3.98377159821081,6.84094103285825,0.724549465382346
"83","s7","2151","angry",-0.3146702,0.124393794730586,0.0821308077974921,0.165635916840345,0.0211084272162452,4.84977047344672,3.5158790853437,6.37312433620443,0.725390809395443
"84","s7","2162","neutral",-0.177228,0.132401455801472,0.0912541304437032,0.171857822284048,0.0204822022267235,4.70572678428637,3.59950315987805,5.97636485813428,0.608755624788342
"85","s8","1111","angry",0.8029514,0.565270983624871,0.393038024629419,0.852744052608544,0.155285806002566,1.10703248133877,0.536993446614894,1.70325773811671,0.295926349954686
"86","s8","1122","neutral",-0.9530526,0.275978799471543,0.184557224091274,0.372074388793648,0.0478151041376275,1.49380312045591,0.948304066335711,2.04134860272165,0.27752537667009
"87","s8","1131","angry",0.2730758,0.503969458286594,0.375053867799227,0.683513900972169,0.0783053339927237,1.16371781062676,0.695244850733373,1.66446037157825,0.246101043471058
"88","s8","1142","neutral",-0.33818,0.224172799188439,0.134924694538654,0.308002173047792,0.0441806268549576,1.40461846440796,0.954794470030251,1.86730216521356,0.232928299212121
"89","s8","1153","happy",-0.0361689999999999,0.0753264011375585,-0.0565858761974667,0.18582103043944,0.0619576735886174,1.48684871365417,0.925548878611356,2.08517093140221,0.290969008119924
"90","s8","1163","happy",0.3634982,-0.0630107131665493,-0.272287275874699,0.0685964865952041,0.089985237960582,1.36332779770259,0.803715471616124,1.96984623065283,0.296726432934441
"91","s8","2113","happy",-0.00723380000000002,0.0662691177197182,-0.0661986544359747,0.175224623781601,0.0613799275648159,1.47790601731271,0.919411312138988,2.07124633218656,0.288390083686981
"92","s8","2121","angry",0.5895544,0.532950907478449,0.409702386689923,0.708270318966102,0.0770051903543937,1.12986138535713,0.646492633468853,1.63832228750935,0.251305194182574
"93","s8","2133","happy",0.656467,-0.196318643123536,-0.632922026721929,0.0184850618395321,0.213759631208014,1.27278302815123,0.617809660508999,1.99493940468155,0.351317968523778
"94","s8","2142","neutral",0.1157408,0.182725432432141,0.0644026306530768,0.290148525891171,0.0583234912119474,1.33877918254533,0.854576015725104,1.82632458869794,0.247772043271658
"95","s8","2152","neutral",-0.9982638,0.279690982985399,0.185990676509777,0.379673048593716,0.0491790683916292,1.50036081276732,0.941322817282168,2.05541494927222,0.283137630470903
"96","s8","2161","angry",0.3508392,0.509680899035143,0.390274198668715,0.672595908448301,0.0717513923267999,1.15539879398294,0.695236946403772,1.6455783063971,0.239749055542325
"97","s9","1113","happy",0.4611546,0.241038028702625,0.182119374005987,0.297651669978223,0.0290775491197605,3.15088204414074,2.35367355634237,4.01299429419109,0.42216218119176
"98","s9","1123","happy",0.2748842,0.246600490122616,0.195677780886577,0.295711131374455,0.0253250199246106,3.26101348119397,2.48800063041399,4.09447952780757,0.407697627650041
"99","s9","1132","neutral",-0.7577402,0.276004571259731,0.233011489537901,0.318306251435673,0.0217497627297577,3.58321681984008,2.84118889767785,4.41667095705854,0.403089657472625
"100","s9","1142","neutral",0.0180844,0.268120270698742,0.215663252942452,0.321072901416647,0.0270606046004498,3.28077591303915,2.58911094110694,4.04978298729529,0.373131006129576
"101","s9","1151","angry",0.2875434,0.363894362153533,0.303528123506959,0.42851548019603,0.0314774568809553,2.81537712466135,2.06597518623455,3.59297733115936,0.387893725134056
"102","s9","1161","angry",-1,0.339302371894477,0.25003036360022,0.440385163432591,0.0480597975858902,3.15768994013201,2.07738404194032,4.34360817010553,0.575469413740777
"103","s9","2113","happy",0.285735,0.246284743357805,0.19487263650202,0.29578700167008,0.0254158471514175,3.25459800027388,2.4819211615773,4.08604936444605,0.408175937750412
"104","s9","2121","angry",0.3255208,0.364851319214864,0.303107344717781,0.431426105858793,0.0324083722076113,2.80528026057253,2.04594039028846,3.58898195665284,0.391440671986952
"105","s9","2132","neutral",-1,0.278388947401951,0.232238245048822,0.323946765318937,0.0233656497984582,3.67765733331879,2.88939735253899,4.57535228816967,0.430627697956268
"106","s9","2141","angry",0.3327546,0.36503560747871,0.302945438271439,0.43174793958318,0.0325964747972744,2.80335704583309,2.04314305512514,3.58661926548094,0.392179694521399
"107","s9","2153","happy",0.318287,0.245331592673648,0.193373092564684,0.295792370100434,0.0257856195773089,3.2353517940116,2.46290876639726,4.07100028608753,0.409887378205954
"108","s9","2162","neutral",-1,0.278388947401951,0.232238245048822,0.323946765318937,0.0233656497984582,3.67765733331879,2.88939735253899,4.57535228816967,0.430627697956268
"109","s10","1111","angry",0.5805122,0.343265521582689,0.265584426143665,0.425590930507185,0.0405238960884216,3.44276210227099,2.46963342166155,4.57084476800472,0.53127712713852
"110","s10","1123","happy",0.2043548,0.341072796218875,0.289134402217331,0.395907537842833,0.0269499570548571,3.1620718318207,2.35904358574508,4.01025326168945,0.417631765976625
"111","s10","1132","neutral",0.0868055999999999,0.314872848690995,0.268527360397709,0.360811800772668,0.0235420618781265,3.37972243510288,2.64871693708211,4.19172046697495,0.394346604551337
"112","s10","1143","happy",0.636574,0.32352245324573,0.244749657442068,0.396391614040518,0.0380410868654029,2.92663130235702,2.0375546816415,3.839495430273,0.449619402662241
"113","s10","1152","neutral",-0.1754196,0.319687660719942,0.275664023433014,0.364287122363083,0.0225197256886692,3.45866175589141,2.72230698725877,4.28323806318811,0.398336636848907
"114","s10","1161","angry",-0.0596788,0.341078476191774,0.294630645108556,0.390604009974979,0.0246440565403765,3.54949864972746,2.70660962889031,4.49422511569923,0.460593790040145
"115","s10","2112","neutral",0.0325519999999999,0.315871767952955,0.270443130339291,0.360956963447021,0.0230791111073311,3.39605474158728,2.66622459024477,4.20949277147691,0.394165237890333
"116","s10","2123","happy",0.2766928,0.338248435748981,0.286776395281948,0.391477778393448,0.0265691359334601,3.12266752719854,2.31859559676601,3.97026773858407,0.417625611022839
"117","s10","2131","angry",-0.5967882,0.341351500993119,0.279149343122187,0.414032383710313,0.0344297371358353,3.639048804232,2.61648588080019,4.77625185204469,0.544598662579587
"118","s10","2142","neutral",-0.1555266,0.31932356456048,0.275269639947477,0.363926077266894,0.0224895316709786,3.45267323949998,2.71398407433999,4.27552200217414,0.397607160770564
"119","s10","2153","happy",0.2260562,0.340229702173366,0.28851659534795,0.394608034531028,0.0267398129070931,3.15025054043405,2.34937165723333,3.99832608555923,0.417394957664735
"120","s10","2161","angry",-0.2531828,0.340964578447707,0.292517609018768,0.393445905769118,0.0259497967675456,3.5817608166105,2.7030265687184,4.57180307349066,0.47697439948973
"121","s11","1113","happy",-0.3653068,0.23180917011875,0.179491571503838,0.28321748958044,0.0263729755903746,3.26828023565437,2.48303165103373,4.22094831701908,0.438614965310405
"122","s11","1122","neutral",-0.9892216,0.303930716793768,0.256015582842007,0.353865244594981,0.0247983503320814,3.11238821683982,2.42376777150116,3.88275180055623,0.374169661658883
"123","s11","1133","happy",-0.6709346,0.235877217366374,0.182765537339844,0.286998889260057,0.0268817400173931,3.47547757708897,2.62988887466541,4.52104794510114,0.478211499416913
"124","s11","1141","angry",-0.2061632,0.471050252052288,0.405790573663437,0.54549739232467,0.0351783607736869,2.28030934781491,1.64732474337361,2.96340240096968,0.334603346265711
"125","s11","1152","neutral",-0.902416,0.303455654738369,0.255554855229459,0.352497643629226,0.024583925801882,3.08079968595608,2.40363207140206,3.84067962081143,0.367712221908312
"126","s11","1161","angry",-0.4032842,0.45314422491589,0.387219065577524,0.52694248278992,0.0356498289185537,2.34404486727695,1.67576356098514,3.07528075235669,0.352794380448385
"127","s11","2113","happy",-0.354456,0.231658095204062,0.178946093147124,0.283355479931367,0.0265813121642276,3.26092404321232,2.47643610446565,4.20962638836657,0.437811725237029
"128","s11","2122","neutral",-0.9693288,0.303821018383973,0.256047538705951,0.353389597185098,0.0247219710980905,3.10514923309725,2.41719092809572,3.87226378559472,0.372588913496315
"129","s11","2132","neutral",-0.9856048,0.303910736387212,0.256018372962353,0.353754117351813,0.0247832936589159,3.11107206444297,2.42337653346269,3.88021216345479,0.373877871351774
"130","s11","2143","happy",-0.7161458,0.236450196027457,0.181622124063789,0.28960305088227,0.0278342691637442,3.50612806255877,2.64855919926199,4.56567581331687,0.486578033245321
"131","s11","2151","angry",0.0596788,0.498750363463505,0.408072269952251,0.610726677823391,0.0511436418466322,2.19435413266874,1.53426096682111,2.90045489578783,0.348187931057768
"132","s11","2161","angry",-0.5570024,0.440421138025085,0.363119481792524,0.527827114425316,0.04171426524433,2.393746874307,1.6740481490122,3.18204235384729,0.381666167097353
"133","s12","1113","happy",0.817419,-0.0656504352493189,-0.332630992864021,0.0888177475636161,0.118373438183782,1.19642444046799,0.631749720111387,1.82130295656724,0.302370549138929
"134","s12","1122","neutral",-0.0198930000000001,0.490402399375338,0.401136893843852,0.598439555284105,0.0504518657802634,1.38730019650553,0.936516023448588,1.86324520268792,0.237360234291436
"135","s12","1131","angry",0.567853,0.822648845877101,0.636814179082536,1.16489100559437,0.269327500315298,1.3112252238801,0.701762389372733,1.98066754442627,0.32946188263268
"136","s12","1141","angry",0.5823206,0.820203061589259,0.631836580222507,1.16686186429439,0.239493774150229,1.31584569798242,0.7005417041863,1.98809454084213,0.332525693423654
"137","s12","1152","neutral",-0.0036168,0.489702696765957,0.400347049288437,0.597968115301346,0.0504282324937072,1.38439876257717,0.936212137338836,1.85929540297877,0.236789291749289
"138","s12","1163","happy",0.5443432,0.0541292452807152,-0.0978367969897034,0.164868446155216,0.0677823983309128,1.29323403579507,0.798027552846611,1.85018130472041,0.267901389596622
"139","s12","2112","neutral",-0.0271267999999999,0.490715986640976,0.401461724328561,0.598754921264197,0.0504886629660596,1.38858971081176,0.936545048354889,1.86613896351676,0.237642355539836
"140","s12","2123","happy",0.6383826,0.0162389685807024,-0.155784403968007,0.130724740803791,0.0756649515428466,1.25989561379356,0.748532254872021,1.83189295950917,0.275251412018223
"141","s12","2132","neutral",0.0343605999999999,0.488101646992227,0.397506656840704,0.597017586237896,0.0506895739918419,1.37762882138259,0.927967467317732,1.85208838717826,0.235803748494973
"142","s12","2143","happy",0.6980614,-0.00940469125147952,-0.203699665019556,0.116035748696992,0.0849990512132589,1.23873855601837,0.713295963195593,1.82030305440097,0.282506589752742
"143","s12","2151","angry",0.5732784,0.821706668788987,0.634739884739492,1.16469061193426,0.256647554496132,1.31295791763682,0.702009713010628,1.98243326170581,0.33059219607023
"144","s12","2161","angry",0.0470196,0.924550094332142,0.643502681371702,1.81757832988691,3.38225942934163,1.14488822007015,0.444921027428397,1.81804136706748,0.343548316747444
"145","s13","1111","angry",-0.604022,0.249575849813649,0.185804195520659,0.313845215924793,0.032198006824048,3.41602162301535,2.44902852580229,4.47870195957081,0.51283896145374
"146","s13","1121","angry",0.124783,0.283783966038246,0.222605357099298,0.351068528386711,0.0328715013629384,3.20561952752581,2.32661496154873,4.16538112771619,0.463307679594764
"147","s13","1132","neutral",-1,0.247684900703177,0.206506631620644,0.290002041357835,0.0212352343046682,3.7442031867102,2.90926680800176,4.63378205045396,0.435202530603797
"148","s13","1143","happy",-0.0361689999999999,0.185598231350661,0.12461183622208,0.244218607550156,0.0304535129497644,3.64567199356192,2.77636191808004,4.64758489031142,0.476746746890079
"149","s13","1153","happy",-0.5461516,0.198324114455375,0.151854179961679,0.244086980423857,0.0234313739173078,3.93448594436282,2.99687143257198,5.01726612095804,0.506254828396934
"150","s13","1162","neutral",-0.9928386,0.24754722862606,0.206292751993909,0.289928715010447,0.021201738184704,3.74198724673252,2.90623329191125,4.63195105266624,0.434602043931
"151","s13","2112","neutral",-0.994647,0.247582002771144,0.206302854235861,0.289927515098037,0.0212100832897747,3.74254681690813,2.90708060808732,4.63287057388741,0.434753095902231
"152","s13","2123","happy",-0.6311488,0.20027415416343,0.152165078031715,0.247940494010199,0.024425030735815,3.98262165946176,3.02523835139578,5.096471932446,0.518761973289606
"153","s13","2133","happy",-0.6908276,0.201617856039229,0.150780759079065,0.25165802087349,0.0254116362709326,4.01641902824857,3.03954286793149,5.14086504797788,0.528657408604998
"154","s13","2141","angry",-0.0976561999999999,0.272406462498465,0.221497562908977,0.3256542790177,0.0264801130858399,3.26983653179858,2.42456029762571,4.18775558224337,0.447751423074374
"155","s13","2152","neutral",-1,0.247684900703177,0.206506631620644,0.290002041357835,0.0212352343046682,3.7442031867102,2.90926680800176,4.63378205045396,0.435202530603797
"156","s13","2161","angry",-0.3960504,0.258505817028949,0.206503096779338,0.313393422113691,0.0268865617013049,3.35598133728417,2.46859062997158,4.33416818920159,0.470516698667979
"157","s14","1111","angry",0.3291378,0.39505330645563,0.336822129890083,0.457398511309578,0.0303840383425942,2.65179924345843,1.99350648205918,3.39220615910838,0.361572294989881
"158","s14","1122","neutral",-0.0144676,0.284530506522718,0.233327614357918,0.336916356644631,0.0262580318327395,2.75335547853573,2.15075321671242,3.40196057958221,0.320733764374657
"159","s14","1131","angry",0.1953126,0.383349670239664,0.328764828312978,0.441365804699086,0.0286000219703561,2.7074761000514,2.05893387249545,3.44830645226508,0.357988517787413
"160","s14","1143","happy",0.6546586,0.115299906761927,0.0054859205710584,0.200776157632268,0.0501396632437432,2.42524964767519,1.6815453149871,3.20767457741767,0.385321680814919
"161","s14","1153","happy",0.2513744,0.181916744405722,0.121532844631048,0.239645479638293,0.0301627437941173,2.64269202376135,1.99061148778347,3.35081116953659,0.348722939546402
"162","s14","1162","neutral",0.1392506,0.281002915964126,0.225235861492585,0.337727879245061,0.0282431831190932,2.70533656960436,2.09917768298716,3.35037522900555,0.321910848945971
"163","s14","2113","happy",0.2025462,0.189177033709861,0.128300145394688,0.248550424990285,0.0306900678543284,2.66901916434363,2.01194869563165,3.37860631372798,0.349180327527748
"164","s14","2123","happy",0.2911604,0.175889700042645,0.11402396729156,0.234048580944417,0.0302084168393744,2.62124024763186,1.96972902576868,3.33263248623286,0.349167643933749
"165","s14","2132","neutral",-1,0.305761720111747,0.243335931234438,0.374908883089207,0.033232699255342,3.0612187671022,2.29934250552993,3.90114007586381,0.402577534352145
"166","s14","2142","neutral",-0.0614872,0.285596785083104,0.234950587869605,0.336854375090645,0.0258345113172654,2.76804358892468,2.16923378211383,3.41772224433077,0.321212063644917
"167","s14","2151","angry",0.144676,0.379171243078561,0.322964902513696,0.43907753691948,0.0292515733099393,2.72854303450437,2.07612447984652,3.46677550516078,0.360769368628557
"168","s14","2161","angry",0.4141348,0.403047060506248,0.338136986378284,0.473861758636852,0.0343231366652644,2.61643695160434,1.9311227559948,3.37357020177021,0.371880794179275
"169","s15","1111","angry",0.531684,0.436280344883231,0.350513491985097,0.536205199639573,0.0472104902760419,2.18013774637761,1.49238738709009,2.8639636030666,0.355003608308862
"170","s15","1122","neutral",0.00542540000000002,0.3030258049646,0.251924980752701,0.356488867791845,0.0261562748311658,2.6674381326997,2.07610046524002,3.3104283449508,0.315231300021492
"171","s15","1133","happy",0.5696614,0.229946284425209,0.168626702521738,0.292163463406681,0.0312947763674042,2.75947951497444,2.0397551168818,3.66647390363774,0.413934786628167
"172","s15","1143","happy",0.7233796,0.227050582096751,0.154566875945876,0.300013529118465,0.0371256375604612,2.68425358258781,1.90694728861694,3.61245738028644,0.433427502521204
"173","s15","1151","angry",0.2803096,0.416255947733791,0.353628501536598,0.483947973009073,0.0333067335465236,2.25431475499964,1.64479178222146,2.89039304244527,0.317907853799902
"174","s15","1162","neutral",-0.0108506,0.303211599746874,0.252272370916108,0.356804900829369,0.0260843417844803,2.6726224750844,2.0803093841584,3.31708935450084,0.315597836389185
"175","s15","2111","angry",0.1175492,0.405218722591003,0.339887822977586,0.476154649495301,0.0347093017207726,2.30234303311439,1.68353933515272,2.93795298936626,0.320356173216304
"176","s15","2122","neutral",-0.0379773999999999,0.303522480411292,0.253079423502293,0.356785033360155,0.0260052918368052,2.68126308819581,2.08567168719566,3.32490236908844,0.316342456805953
"177","s15","2133","happy",0.4864728,0.231467674850806,0.173398869535432,0.28992503380356,0.0292522781734574,2.80018998386451,2.1024415924932,3.69771852354545,0.407091291002525
"178","s15","2143","happy",-0.0126592,0.240028584343264,0.172305970482786,0.305321327116792,0.0340099927391778,3.0444529929552,2.32118377763574,3.98720435998914,0.425413630812479
"179","s15","2151","angry",0.1066984,0.404528254594061,0.338341668601543,0.47614935308417,0.0350603831427407,2.30554494979785,1.68405734743956,2.94562258698286,0.321290584346407
"180","s15","2162","neutral",0.0831886000000001,0.302146068194927,0.250673412696048,0.355899329607104,0.0267549367077138,2.64266846854819,2.05154751738041,3.2784078547187,0.314316924859379
"181","s16","1112","neutral",-0.0217014000000001,0.126650128509953,0.081645389325936,0.170970192022071,0.022788667846006,4.0128588891448,3.10725103826623,5.06124358610413,0.498549698402754
"182","s16","1121","angry",0.482856,0.199196660544315,0.127219934599644,0.27842637096191,0.0381234195914787,3.74172117507778,2.54107013929607,5.08375309140925,0.648819925748155
"183","s16","1133","happy",-1,0.147988189912299,0.0781813662177153,0.21990690181863,0.0354967250871988,4.65213569778083,3.2571450897992,6.09724139402908,0.720142634410647
"184","s16","1143","happy",0.7233796,0.0838458740579103,0.0195949767334976,0.14238564605177,0.0311684453268298,3.93670287278904,2.81912902842871,5.25563195570289,0.619078302632801
"185","s16","1152","neutral",-0.6419994,0.138461774248776,0.0988935072744809,0.1772098453066,0.0198225649384525,4.20339872909224,3.28225278638029,5.26500072787439,0.508993516790297
"186","s16","1161","angry",-1,0.192907954004625,0.133281465681257,0.255200607800742,0.0306871854266466,3.81287991036528,2.53523630982532,5.18783396931054,0.67578391617118
"187","s16","2112","neutral",-0.8572048,0.142355513770463,0.100760013060396,0.182825162963181,0.0207642504870997,4.2695043790731,3.3081112152973,5.36300596803386,0.525407338102132
"188","s16","2121","angry",-0.6835938,0.193805074500475,0.145303464698543,0.244881177486789,0.0251420136175873,3.7976963287976,2.70860981507394,5.00677150344639,0.591743323921913
"189","s16","2133","happy",0.6745516,0.086018176008781,0.0239893663536883,0.142380854225657,0.0300276871420903,3.956973017555,2.86295783025437,5.26089851870405,0.609353534847194
"190","s16","2141","angry",-0.6691262,0.193851692229414,0.145639263432493,0.244599275853582,0.0249692327607566,3.79700206305727,2.71268904869438,5.00012944788064,0.58870381256435
"191","s16","2153","happy",0.1844618,0.106380523886887,0.0605769456928284,0.150233839884137,0.022919043703183,4.16042577405372,3.16538968974755,5.33706888883646,0.549893315155249
"192","s16","2162","neutral",-0.8463542,0.142161450827053,0.100714949689445,0.182527876693485,0.020695622399772,4.26617134948517,3.30839378697564,5.35683249384001,0.52443537387107
"193","s17","1113","happy",-0.8626302,0.282803198381159,0.235962135735747,0.328217432535907,0.0236394948385375,5.0896797899469,3.87120408100122,6.61801283513921,0.704750099915127
"194","s17","1121","angry",0.2730758,0.357541094491521,0.290376811123406,0.435024128929864,0.0367398868597123,4.03900106778354,2.92451193322648,5.30950257066056,0.604872498560324
"195","s17","1132","neutral",-0.9964554,0.315869680201462,0.2772515440472,0.355607597626306,0.0199851486951943,4.53357059322269,3.49592956808441,5.66123448430481,0.554624327062446
"196","s17","1143","happy",-0.6311488,0.28389159098087,0.242127964660794,0.323389409183584,0.0208955691148296,4.91559487634088,3.76866234338173,6.33921239580435,0.655911147938961
"197","s17","1151","angry",-0.656467,0.333958374747709,0.288626944613531,0.381512490576195,0.0235791458814933,4.51895429550046,3.37382239597724,5.86791374793869,0.639333648860276
"198","s17","1162","neutral",-1,0.315894274743552,0.277275611331914,0.355577934940776,0.0199963583653713,4.53489485040781,3.49644392036611,5.66334422573062,0.554944186528886
"199","s17","2111","angry",-1,0.327212395063541,0.27161595602239,0.386991267941875,0.0295764526933356,4.69633157406931,3.38483209072731,6.28100631204635,0.733862478487997
"200","s17","2123","happy",-0.4304108,0.284962137240186,0.241159097141687,0.32625908945183,0.0218325599441152,4.76463044728764,3.66596246998733,6.09966210841261,0.625479707953845
"201","s17","2132","neutral",-1,0.315894274743552,0.277275611331914,0.355577934940776,0.0199963583653713,4.53489485040781,3.49644392036611,5.66334422573062,0.554944186528886
"202","s17","2142","neutral",-0.9964554,0.315869680201462,0.2772515440472,0.355607597626306,0.0199851486951943,4.53357059322269,3.49592956808441,5.66123448430481,0.554624327062446
"203","s17","2151","angry",-0.44307,0.33859875389174,0.2952380819222,0.383771503047485,0.0220928779474534,4.40877047294263,3.32794885685066,5.66606428735632,0.599234794496215
"204","s17","2163","happy",-0.6510416,0.283792274934753,0.242158800384771,0.324016382562496,0.0209882247292156,4.93055519872264,3.77579392796393,6.35967829294187,0.65956522937497
"205","s18","1111","angry",0.3146702,0.333676934410851,0.24740504476969,0.428363233549763,0.0464191083524457,2.45639108036051,1.63391623479953,3.38447726911762,0.444486191037241
"206","s18","1122","neutral",-1,0.208150598583309,0.158507325863943,0.258510678650225,0.0254707695096998,2.9940046781225,2.24767060711946,3.78162655405185,0.389217548594285
"207","s18","1131","angry",-0.00542540000000002,0.353172176991004,0.281731080439107,0.430884580305413,0.0382769030661355,2.34724745867259,1.66144471317822,3.10151194865447,0.371436090737444
"208","s18","1143","happy",0.2839266,0.0743311066946772,0.00745722028957231,0.135043367602509,0.0321876271898548,3.04075124935439,2.19614199137885,4.06234731022912,0.476998747987158
"209","s18","1153","happy",0.265842,0.0759081183494507,0.0101969160156722,0.136022616671281,0.0317459491649207,3.04828834239386,2.20798286091633,4.06573190102252,0.475375907519427
"210","s18","1162","neutral",-1,0.208150598583309,0.158507325863943,0.258510678650225,0.0254707695096998,2.9940046781225,2.24767060711946,3.78162655405185,0.389217548594285
"211","s18","2112","neutral",-1,0.208150598583309,0.158507325863943,0.258510678650225,0.0254707695096998,2.9940046781225,2.24767060711946,3.78162655405185,0.389217548594285
"212","s18","2121","angry",-1,0.432148044621325,0.336709604984572,0.543368107580912,0.0532446970247892,2.00812541549918,1.23830280034884,2.86463382678874,0.417098873025759
"213","s18","2132","neutral",-1,0.208150598583309,0.158507325863943,0.258510678650225,0.0254707695096998,2.9940046781225,2.24767060711946,3.78162655405185,0.389217548594285
"214","s18","2143","happy",0.4014756,0.0638363280892989,-0.0107447955946658,0.130299602147025,0.035583976567207,2.99176051968956,2.12365021023023,4.0364257304378,0.490202997090831
"215","s18","2151","angry",-1,0.432148044621325,0.336709604984572,0.543368107580912,0.0532446970247892,2.00812541549918,1.23830280034884,2.86463382678874,0.417098873025759
"216","s18","2163","happy",-1,0.168872322660681,0.0837483017032095,0.257936605229299,0.0439840306427024,3.57585151367045,2.43299008175464,4.88843006762727,0.628964386003392
"217","s19","1112","neutral",-0.016276,0.287925643399551,0.213491731422038,0.36301127333805,0.0378590967501679,1.94101962531141,1.39056999821857,2.58376692226039,0.304488269442734
"218","s19","1123","happy",0.3942418,-0.296930701399862,-0.929042289665669,-0.0698693445031067,0.435635467072395,1.38339881859116,0.521775464851059,2.15049941615855,0.416434453120593
"219","s19","1131","angry",0.3164786,0.56340318120326,0.477854462066626,0.668221706105641,0.0482685923738045,1.76515513532645,1.18195111714549,2.44041970714137,0.322909914644063
"220","s19","1142","neutral",-0.7269966,0.304013055378997,0.220923921746643,0.391428164756769,0.0428514996186828,2.19084601597865,1.5136834859489,2.99519814363917,0.376462808086408
"221","s19","1151","angry",0.2260562,0.5333054413833,0.449879435483268,0.630452586770578,0.0457857401147713,1.8303324815728,1.24901538908474,2.50948564885912,0.32426990561651
"222","s19","1163","happy",0.4539208,-0.351522608262845,-1.09979200316201,-0.091519549217348,0.653805626713349,1.33933557601923,0.473002703669739,2.11674516393203,0.42174685413186
"223","s19","2112","neutral",0.0108506,0.287312363617804,0.211302515307313,0.364448626608305,0.0385555796994492,1.93148431626159,1.38335035242348,2.57500227670644,0.304342590720556
"224","s19","2121","angry",0.1627604,0.514012981425522,0.426206894014923,0.614822234147645,0.048038721022748,1.87595671044242,1.27924021909289,2.57354269921703,0.331699136047666
"225","s19","2132","neutral",-0.0343605999999999,0.288334881535818,0.214600905789543,0.362605863516432,0.0374349519504219,1.94737656831357,1.39667715823139,2.58827682722749,0.304704822555137
"226","s19","2143","happy",0.4322194,-0.31590655917906,-1.03279431537656,-0.0844168428697231,1.34649265666954,1.35535853304516,0.489029404551803,2.12798460499307,0.419491468654158
"227","s19","2151","angry",0.511791,0.642918475213655,0.507313612931933,0.855038567580764,0.0903508429540174,1.62437205590136,0.964298718156157,2.34589342025351,0.356073359460466
"228","s19","2163","happy",0.446687,-0.365026216784328,-1.07424622302756,-0.0890987813692568,1.93822257664716,1.34467656169454,0.477059471560496,2.12040593588381,0.420954452667418
"229","s20","1112","neutral",0.1591436,0.269947836941341,0.220077071513393,0.320006632995218,0.0255697558516578,3.17252687261309,2.48909227764207,3.91936303340489,0.370535342266845
"230","s20","1121","angry",0.7993344,0.527787417085307,0.424459960602381,0.665014233302976,0.0616247811395076,2.31322816338291,1.52280694342369,3.16530094548123,0.420243273704673
"231","s20","1131","angry",-0.0036168,0.390125975301662,0.325366522899832,0.460670825418332,0.034543678834647,2.88132723379844,2.13273711691011,3.69558154003047,0.399614632549161
"232","s20","1143","happy",0.4720052,0.199909235615193,0.143375483504224,0.255104942029406,0.0278671626175748,3.11967973589238,2.34570675965149,4.01830328629268,0.425776480384223
"233","s20","1152","neutral",-0.0108506,0.272304850395655,0.225892929141422,0.319667704848884,0.0239484920524796,3.23358158200209,2.54788411493616,3.97786842393254,0.370166227092714
"234","s20","1163","happy",0.3978588,0.203393360628134,0.1493716776989,0.256394457330182,0.0266689765807594,3.16496007233754,2.40122113629586,4.05416246377465,0.42074716452477
"235","s20","2113","happy",0.1844618,0.21292235584161,0.159716603689106,0.266109784413142,0.026916490153183,3.29527911623431,2.51933595154462,4.17966853240519,0.418853105334323
"236","s20","2123","happy",0.6817854,0.189492698875907,0.119650779457876,0.256802811313998,0.0346774413533449,2.99156942931604,2.15297675549724,3.93510274453169,0.451310681197976
"237","s20","2132","neutral",0.1537182,0.270023497499655,0.220329324267698,0.32005770261355,0.02550343061456,3.17447544627219,2.49066380900623,3.92088221234009,0.370446029369215
"238","s20","2142","neutral",-0.902416,0.28418687695607,0.229013495812838,0.343959801260049,0.0292967097447512,3.55379407394764,2.74886639101185,4.48777394686402,0.443273632804952
"239","s20","2151","angry",0.1338252,0.408823600449005,0.350033874179453,0.473070261665118,0.031581901883978,2.78408511941334,2.07869034688566,3.55167159160665,0.375881851564131
"240","s20","2161","angry",0.4195602,0.452974199862272,0.39219899309246,0.521130694811336,0.0326063487457136,2.58192365818733,1.92071930552631,3.32231621614992,0.362189992276261
"241","s21","1113","happy",0.4448784,0.0878491213068709,0.0427442085939445,0.131495848735929,0.0226332890076216,4.20823757015214,3.16606566849012,5.39599023795637,0.566855094161434
"242","s21","1122","neutral",0.00723380000000002,0.118589310125662,0.0793585172454818,0.156928434109253,0.0197560819435808,4.26523094238388,3.28313319156063,5.39376940311149,0.535533030799574
"243","s21","1131","angry",0.10489,0.134696640196111,0.0863653315635306,0.182022840085971,0.0240047827461812,4.26348268034202,3.09480466404371,5.59735569617642,0.632543930910806
"244","s21","1142","neutral",0.00904220000000002,0.118537990403098,0.0792818151862044,0.156925884245977,0.0197625223063068,4.26465410862174,3.28250634351436,5.39338667706818,0.535516981067234
"245","s21","1153","happy",0.4701968,0.0868462131900125,0.0414963353248052,0.131100547777088,0.0227756791330474,4.19458305409657,3.14972731940594,5.38735033541343,0.568854190803238
"246","s21","1161","angry",-0.6673178,0.140906323200206,0.0870746150956047,0.200146341406164,0.0285445134283785,4.51124922398301,3.15041711243442,6.05846056884823,0.741872983383771
"247","s21","2113","happy",0.584129,0.0822429627096201,0.0334726112272098,0.129613583023378,0.024080687383876,4.13313805543367,3.0658634849939,5.33183195859478,0.580646182100078
"248","s21","2123","happy",0.7957176,0.0732658480471591,0.0143930057307742,0.129927672386421,0.0291519545384489,4.01902579178841,2.88225045553162,5.27231288771566,0.613853173337884
"249","s21","2131","angry",-0.2947772,0.137838835436721,0.0947635967659149,0.181303966786881,0.0218957354213164,4.3917178014463,3.21500975265061,5.74568971820277,0.649729109560586
"250","s21","2141","angry",0.157335,0.134294558965342,0.083837196253729,0.183193284409222,0.0250782628193134,4.24665545277289,3.07199294141717,5.58064723983695,0.6372566130931
"251","s21","2152","neutral",-0.0994645999999999,0.121595011434865,0.083043113347554,0.159525778154925,0.0195255562708587,4.29926502747903,3.31348126503249,5.42392644471585,0.537408458556851
"252","s21","2162","neutral",-0.0253182000000001,0.119510917317691,0.0806087732831849,0.157532230008972,0.0196546058549232,4.27561420528208,3.29458794780879,5.40065864120141,0.535911812563074
"253","s22","1111","angry",-0.8572048,0.503915120657793,0.435921651955738,0.580419434857273,0.0370318981034958,3.16623493822039,2.29677289840419,4.15294522293795,0.475932807695837
"254","s22","1123","happy",-0.9132668,0.456866831951143,0.397058559818325,0.519095968230203,0.0310380351376389,3.70157427561277,2.77083991278749,4.78130381897368,0.511039453872025
"255","s22","1132","neutral",-0.9874132,0.437948606845905,0.389634422810582,0.489411759026221,0.0255363008030166,3.42506621051227,2.66823149455461,4.2843227303815,0.416902820563727
"256","s22","1141","angry",-0.7215712,0.509309124619692,0.450668522564181,0.573576631726952,0.0315215827509522,3.1181628266212,2.29853480684754,4.05264710384046,0.446704830414956
"257","s22","1152","neutral",-0.8119936,0.438670299303548,0.390640694422873,0.488631783224145,0.0247213433286153,3.36053413707899,2.61965727561362,4.20026470834931,0.406282924784559
"258","s22","1163","happy",-0.8517796,0.456837864488804,0.399768237528633,0.515558017279401,0.0293836105403847,3.66160223450109,2.75405442678342,4.70866724626256,0.498752029001621
"259","s22","2111","angry",-0.44307,0.521973418755953,0.465217336645138,0.586527092087117,0.0308369180089024,3.01945468375019,2.24257312059672,3.87840912464675,0.414724903654453
"260","s22","2123","happy",-0.4647714,0.457038606453673,0.406034435267463,0.508401315350771,0.0264174465122872,3.4100131609873,2.59155397827891,4.34407821217728,0.447435488898263
"261","s22","2132","neutral",-0.6817854,0.439303743977871,0.389653225884347,0.490148489617113,0.0252266725878308,3.31263410125622,2.57615429063163,4.14306427010761,0.401714546164987
"262","s22","2142","neutral",-0.978371,0.437982354309043,0.389692588298693,0.489217659165284,0.0254566268711322,3.42173983241998,2.66630228877234,4.28052022001637,0.416234995247708
"263","s22","2151","angry",-0.358073,0.526324129171196,0.463581089509305,0.598710132808623,0.0342583263358264,2.98932951366256,2.22015620412906,3.83751182445315,0.41357273631762
"264","s22","2163","happy",-0.2875434,0.457411610810723,0.397317799149821,0.519638445606687,0.0310376713105915,3.29479950835486,2.48686982136198,4.21274924877718,0.441567833147038
"265","s23","1111","angry",1,0.766264414338144,0.621552974358149,1.01617497942808,0.105008247144019,1.4337442844837,0.802517999973909,2.13069412787285,0.337873603824664
"266","s23","1123","happy",1,0.166643700826615,0.0830147304489925,0.242700989627774,0.0408968595792044,2.01658921552126,1.36126893527679,2.80033340627098,0.360820637013297
"267","s23","1133","happy",0.9964554,0.166945097591066,0.0836254974094811,0.24262238734433,0.0407479217515304,2.01794788413011,1.36559154785009,2.80034063393054,0.360201552578521
"268","s23","1142","neutral",0.0271267999999999,0.286201882326779,0.215920857825079,0.358612655834763,0.0363827364513885,2.20080891699463,1.6149441748765,2.81763827024879,0.305541674892265
"269","s23","1151","angry",0.9530526,0.749375618825615,0.613308057315664,0.977166500350327,0.0957847034604771,1.45315858901326,0.834320586985631,2.13947088069744,0.330783463198615
"270","s23","1162","neutral",-0.354456,0.291624321233999,0.232079538502837,0.35276682221978,0.0308110736982609,2.30492928370179,1.69688375738753,2.93625066423978,0.317371086491677
"271","s23","2113","happy",0.4701968,0.207078196225198,0.135716197035021,0.27806058577429,0.0358739496852576,2.21966628393832,1.62515607974723,2.89487419675851,0.316205299470917
"272","s23","2122","neutral",-0.7685908,0.29755903971356,0.23053316774412,0.366478586897637,0.0342439705364717,2.41793193277874,1.73674047975007,3.12155312961585,0.354877893769377
"273","s23","2131","angry",1,0.766264414338144,0.621552974358149,1.01617497942808,0.105008247144019,1.4337442844837,0.802517999973909,2.13069412787285,0.337873603824664
"274","s23","2142","neutral",-0.5696614,0.294702983739634,0.233668141996339,0.358411156546994,0.0314922404352035,2.36365117883271,1.72270530309282,3.03077523765031,0.334051157253212
"275","s23","2151","angry",1,0.766264414338144,0.621552974358149,1.01617497942808,0.105008247144019,1.4337442844837,0.802517999973909,2.13069412787285,0.337873603824664
"276","s23","2163","happy",0.9566696,0.170293762544951,0.0898645160476933,0.243676359846164,0.0391809035245673,2.03319804424358,1.39194333621724,2.79691919708092,0.353497766239016
"277","s24","1112","neutral",-1,0.197160328209787,0.15601626634394,0.238875503649375,0.0208505433589757,4.22564036522307,3.26777197267486,5.29414655626819,0.522014431023593
"278","s24","1121","angry",-0.7758246,0.198639127683483,0.153958400934774,0.244097866365543,0.0231648058443345,4.24196619229223,3.08777423002919,5.63976732809208,0.642463086304379
"279","s24","1133","happy",-0.6275318,0.175673724144176,0.12879243649195,0.222850865012053,0.02361314727463,4.29340600486414,3.18326864556713,5.46068761547428,0.574537923038583
"280","s24","1143","happy",-0.6835938,0.177143591510351,0.127878083117446,0.22588414926107,0.0245316323341479,4.32111027877678,3.1916061544668,5.50315017158399,0.583058031593865
"281","s24","1152","neutral",-0.8282696,0.193632284004743,0.153103788136713,0.234176472393088,0.0203162594416479,4.17102407625059,3.2213520678881,5.22120462198769,0.510942113586249
"282","s24","1161","angry",-0.33818,0.203999712191698,0.158150598932432,0.252843737104716,0.0241585482798159,4.07941083333121,3.01517515004514,5.3227342161969,0.584074799808768
"283","s24","2113","happy",-0.0578704,0.159638683326485,0.10258835281452,0.213951030778909,0.0281795339967766,4.01189525849296,2.98500317424922,5.12423824112103,0.541527837691213
"284","s24","2122","neutral",-1,0.197160328209787,0.15601626634394,0.238875503649375,0.0208505433589757,4.22564036522307,3.26777197267486,5.29414655626819,0.522014431023593
"285","s24","2132","neutral",-0.57147,0.188227547717748,0.146741257757564,0.229382494065668,0.020724130530162,4.08935279870381,3.16559722397829,5.12898214007292,0.501219786750741
"286","s24","2141","angry",-0.5768952,0.200935841516932,0.158446694840606,0.245167495329395,0.0220213868167018,4.16807737925787,3.07835951139633,5.48737179807012,0.605458799860861
"287","s24","2151","angry",-1,0.196297595297372,0.14502043270861,0.250732442442231,0.0269184796471554,4.32523218624539,3.05185769910266,5.82509328821744,0.701436931732018
"288","s24","2163","happy",-0.5135996,0.172632603381693,0.128063962025765,0.217286059367963,0.0223979768926794,4.23710389512367,3.1623271421747,5.38038423791915,0.559905049274396
"289","s25","1111","angry",0.00542540000000002,0.192067650198087,0.153300553254326,0.230445864833552,0.019563925566899,5.39233894826123,4.02747407144409,7.01633476308098,0.765667641590184
"290","s25","1122","neutral",-0.3273292,0.212667860896097,0.179678113377864,0.246924757371838,0.0170721518004154,5.27428985733937,4.06875162852234,6.64036184493391,0.660128369410511
"291","s25","1133","happy",-0.8047598,0.219194732556559,0.17927507107361,0.259354209688805,0.0203634217343399,5.86403249872262,4.41327034147124,7.53913278064031,0.796228583300439
"292","s25","1143","happy",0.00542540000000002,0.204580736417892,0.152479030202526,0.254096616831311,0.0257734523084066,5.29334000383608,3.99015641816633,6.77501870823443,0.706667472118445
"293","s25","1151","angry",0.00904220000000002,0.192032267050527,0.153219647975342,0.230492735494004,0.0195973949082712,5.3910273354138,4.02764198090717,7.01412254184473,0.765715013986663
"294","s25","1162","neutral",-0.5045572,0.215139960581528,0.181396835814617,0.250061321388213,0.0173618786520666,5.34575575862938,4.13203145807782,6.72645284250125,0.66865998342852
"295","s25","2111","angry",-0.0126592,0.192244935216516,0.153373180516356,0.230215663787905,0.0194124704159752,5.39889723008512,4.032589532971,7.02013740182717,0.765547111306624
"296","s25","2122","neutral",-0.0144676,0.208201836679561,0.172737992820588,0.244706068191176,0.018270470773899,5.14813069387177,3.95935775069827,6.51261937383669,0.6556788559508
"297","s25","2133","happy",-0.8517796,0.219965185211981,0.178986595038841,0.261319110280803,0.0209239882242621,5.8971531320927,4.42585318294792,7.59140255250181,0.806801636244911
"298","s25","2142","neutral",-0.0036168,0.208044524757924,0.172370082735047,0.244588451616715,0.01835107808821,5.14375518773437,3.95282464497772,6.50831989519334,0.655771335306722
"299","s25","2151","angry",-0.390625,0.19609163747665,0.153323794226529,0.240429505286621,0.0220842863650038,5.53596447161608,4.09554772908458,7.26895696295298,0.806329487419728
"300","s25","2163","happy",-0.902416,0.220786780412312,0.17833826542959,0.263112775431815,0.021597731520815,5.93282128975353,4.44647087281926,7.65289939092903,0.818720020823146
"301","s26","1111","angry",0.9205006,2.60505679193535,-24.088922525987,27.5122217988564,132.624705141211,0.271269729707811,-0.663622277207569,1.19023986178356,0.467991635964538
"302","s26","1123","happy",0.9277344,-2.92878824819514,-9.47248060612876,7.32007743780922,93.4891908357168,0.704742397158624,-0.179236523985132,1.60823813172882,0.452995447722642
"303","s26","1133","happy",0.7595486,-1.08316312784476,-6.68862352733242,3.41179754667288,18.3184252056909,0.779306062032191,-0.0494930478766821,1.61907407176091,0.417658578922187
"304","s26","1141","angry",0.2387152,2.43751261898328,-10.9129962384747,14.6663217546196,42.7479516328777,0.442532326220402,-0.253025060603751,1.11527540663331,0.349472964218924
"305","s26","1152","neutral",-1,0.296593122448925,0.200691280891501,0.392512957225445,0.0485289179342766,1.28270335071622,0.814483376894997,1.79893473687762,0.252451689032802
"306","s26","1162","neutral",-1,0.296593122448925,0.200691280891501,0.392512957225445,0.0485289179342766,1.28270335071622,0.814483376894997,1.79893473687762,0.252451689032802
"307","s26","2112","neutral",-1,0.296593122448925,0.200691280891501,0.392512957225445,0.0485289179342766,1.28270335071622,0.814483376894997,1.79893473687762,0.252451689032802
"308","s26","2121","angry",0.7161458,2.21028996545008,-19.6752666400754,25.4119132238377,94.7834522689502,0.322603087180428,-0.474454820692963,1.11690733133426,0.404903373703676
"309","s26","2133","happy",0.906033,-1.42610442836328,-9.40577236437701,6.70832179653966,50.4462303574165,0.714363518067091,-0.162621668131426,1.60962725038127,0.448035721228358
"310","s26","2143","happy",0.7667824,-3.6994376045014,-6.90065748779347,3.50624059767723,225.764488194966,0.776099021729369,-0.0533632897795286,1.61814448668741,0.419021707261919
"311","s26","2151","angry",0.1699942,1.42628524366314,-9.54740524889857,13.5244508125452,44.3487603649747,0.459794850315142,-0.24335877758363,1.14486014659537,0.355141884434409
"312","s26","2162","neutral",-1,0.296593122448925,0.200691280891501,0.392512957225445,0.0485289179342766,1.28270335071622,0.814483376894997,1.79893473687762,0.252451689032802
"313","s27","1112","neutral",-0.4213686,0.417082302700261,0.373207302316484,0.462408959068132,0.0228058620469461,3.6360494735336,2.87028392752711,4.50533642256538,0.419575456404607
"314","s27","1121","angry",0.2604166,0.431702254999865,0.382550916846107,0.48216712717789,0.0255950282949443,3.55552595647372,2.71428243963267,4.54712708611582,0.467558725859761
"315","s27","1131","angry",0.2567998,0.431665247219879,0.382529392082644,0.482274279457405,0.025532601289768,3.55634897431881,2.71481017630903,4.54636345415138,0.467302620104826
"316","s27","1143","happy",0.121166,0.456521546627464,0.406192911334817,0.508692911846229,0.0262037301882281,3.39775446569127,2.5368465467368,4.32451844292408,0.452490165339733
"317","s27","1152","neutral",-0.2007378,0.414327823325776,0.367246944483124,0.463113342972133,0.0245295259255572,3.57470535051472,2.82632553375375,4.43552424736217,0.413621756390295
"318","s27","1163","happy",0.3797744,0.459043614706174,0.39216379367458,0.529707925763888,0.0343775483325709,3.2603730974743,2.36451042668129,4.22108285168609,0.469393941854289
"319","s27","2111","angry",0.2748842,0.431853455353862,0.382700335650942,0.483336870570541,0.0258814779859846,3.55223379407168,2.70605766914291,4.54443177224839,0.468694051441446
"320","s27","2123","happy",-0.0108506,0.455585209872274,0.402607371348686,0.512467264324258,0.0278699290566736,3.46788606673499,2.61021700958955,4.39726426041546,0.455562615399577
"321","s27","2132","neutral",-0.728805,0.42107057412265,0.37435635584105,0.472163683264221,0.0249768455906461,3.72152900015492,2.91572827175486,4.64967743433778,0.441924403862734
"322","s27","2143","happy",0.092231,0.456297974959478,0.40639863573449,0.508670231637754,0.0262396206870709,3.4131256983711,2.55215042301,4.33938911550975,0.452479132642056
"323","s27","2152","neutral",-0.6799768,0.420425842928003,0.374757970074832,0.469296448778015,0.0243102806835716,3.70795282172657,2.91158528676421,4.62018954451037,0.437354936346554
"324","s27","2161","angry",0.1302084,0.430565584516561,0.38153398371701,0.481843076186844,0.0257316693419025,3.58515537258125,2.74322048511751,4.56446312236385,0.465425953575666
"325","s28","1111","angry",0.4032842,0.508329354428226,0.432759638643005,0.592366585277384,0.0398469298438144,2.46964668141544,1.79827262509831,3.27948769578144,0.374117265694071
"326","s28","1123","happy",1,0.267366273142106,0.176605072526197,0.35641317271549,0.0453359682847488,2.12388166621461,1.39563699937949,2.94212277169234,0.392839121162674
"327","s28","1132","neutral",-0.869864,0.379046573177312,0.324179866626653,0.437606529084164,0.0288556943367398,2.71183418918057,2.05076640010498,3.407020198017,0.343574431935048
"328","s28","1143","happy",0.406901,0.285190132995569,0.224841777131213,0.346321929251816,0.0311064482143129,2.39984537744867,1.779042047136,3.09605549317832,0.333457076576629
"329","s28","1152","neutral",-0.7740162,0.377600280812845,0.324687383246032,0.433723760830153,0.0279717187630623,2.6901850563714,2.04484400985934,3.36480040314912,0.335162746394421
"330","s28","1161","angry",0.4937066,0.522530683051298,0.451166360413419,0.601273199110812,0.037696129908418,2.42845537521792,1.76334520633068,3.22543887568871,0.370472424201101
"331","s28","2111","angry",1,0.61636567271653,0.518372414235245,0.74343213089573,0.0573439482890562,2.19781687784135,1.44351048378789,3.10599678897341,0.419783923882125
"332","s28","2122","neutral",-0.4864728,0.373316135145004,0.319329057167301,0.430443807739786,0.0280749754254683,2.62523765794389,2.01695496082455,3.26577892504846,0.316794735961658
"333","s28","2132","neutral",-0.8572048,0.378855022535215,0.324448031674878,0.437192236707479,0.0287150074501057,2.70897485696786,2.05005257544594,3.39781936757248,0.3424034202905
"334","s28","2143","happy",1,0.267366273142106,0.176605072526197,0.35641317271549,0.0453359682847488,2.12388166621461,1.39563699937949,2.94212277169234,0.392839121162674
"335","s28","2151","angry",1,0.61636567271653,0.518372414235245,0.74343213089573,0.0573439482890562,2.19781687784135,1.44351048378789,3.10599678897341,0.419783923882125
"336","s28","2163","happy",-0.4701968,0.305625481505773,0.217006535279575,0.393976284341012,0.0451531818152551,2.80795121475953,1.97841553747023,3.6743642368624,0.426286912856524
"337","s29","1113","happy",-0.0868055999999999,0.240753812732355,0.181589998831785,0.298546245141143,0.0291914876359301,3.76903698521612,2.93329785841473,4.74466819038657,0.462000568276926
"338","s29","1123","happy",0.6184896,0.247710294324498,0.186023863461692,0.311791548412586,0.0322188980935878,3.3412731008965,2.44828976235599,4.35519101609917,0.477396429252307
"339","s29","1132","neutral",-0.5081742,0.258471198398295,0.215755315773485,0.301416516064029,0.0216452169369657,3.70010308550529,2.9258511898047,4.55953417662499,0.420584069410399
"340","s29","1141","angry",0.282118,0.294632919691098,0.244073871467255,0.348214777454463,0.0265651833099954,3.2695975318592,2.44179899109181,4.16404464767875,0.438457176456793
"341","s29","1152","neutral",-0.0614872,0.251378620016178,0.207319198827288,0.296126125830576,0.0224346132397725,3.54179374253281,2.79911385278858,4.34351526844887,0.396908767639033
"342","s29","1161","angry",-0.1175492,0.269766042446518,0.216767714025786,0.325898737600879,0.027698485523922,3.54126334244325,2.6793078885828,4.53427870415543,0.473747102744243
"343","s29","2111","angry",0.5226418,0.312735562257947,0.246991875452453,0.388390352801411,0.0358360399398065,3.1061062744036,2.20521615852243,4.05260675703718,0.471513090423855
"344","s29","2123","happy",0.4973234,0.246321750129703,0.192265416560465,0.301798795937498,0.0281465984233224,3.41476080414508,2.55482971454223,4.39398952582818,0.461763930370242
"345","s29","2132","neutral",-0.5606192,0.259288257050847,0.216296011285585,0.302607524919963,0.0219752164649102,3.7186900009342,2.93277940297251,4.58937646646365,0.425565319612954
"346","s29","2143","happy",0.3653068,0.244915076628934,0.195741246095387,0.294617358741592,0.025331523302892,3.49482931107759,2.66095322763137,4.44884183622134,0.450543809018994
"347","s29","2152","neutral",-0.2314814,0.254106258232338,0.212340303248049,0.296795138367654,0.0213274837823954,3.60204100764492,2.86281478207016,4.41337391379279,0.401760886635292
"348","s29","2161","angry",0.0018084,0.27664396362249,0.227210797347662,0.328459340311408,0.0256516303882839,3.4601323936104,2.63285606718307,4.41044179651593,0.451749195633294
"349","s30","1113","happy",-0.9837962,0.297623311371539,0.241716384872459,0.356145488566175,0.0292357711260206,3.2175290645703,2.33799703747796,4.14771450591092,0.457253325213353
"350","s30","1121","angry",-0.9241174,0.42211370915332,0.350696031534066,0.502284053827914,0.0380828093413122,2.24311057083069,1.54852800945121,2.99648639763219,0.373452939243959
"351","s30","1132","neutral",-1,0.28097881249246,0.230296467835824,0.331903856716542,0.0255567703489074,3.05603596807018,2.36236669197253,3.8491435642945,0.378034163415761
"352","s30","1141","angry",-1,0.41792089827904,0.342238054097459,0.50384392325113,0.0402902880316255,2.25554177851149,1.53908624286425,3.04124364291515,0.387267355770329
"353","s30","1152","neutral",-1,0.28097881249246,0.230296467835824,0.331903856716542,0.0255567703489074,3.05603596807018,2.36236669197253,3.8491435642945,0.378034163415761
"354","s30","1163","happy",-0.9657118,0.296889850773144,0.241223180269092,0.354728733303415,0.0288856946302201,3.20780133488199,2.33418482162808,4.12940950204662,0.453924092488205
"355","s30","2113","happy",-0.9639034,0.296816315468878,0.241321886382721,0.354608568966714,0.0288519186587717,3.20682858342944,2.33472420767802,4.12783491966284,0.453595450394871
"356","s30","2121","angry",-0.9530526,0.420503152243803,0.347605238403739,0.502857040218473,0.038869061319161,2.24785078110927,1.54470093019258,3.01455186121393,0.378531194724037
"357","s30","2131","angry",-0.00904220000000002,0.482949457603148,0.372917613630353,0.625612111257156,0.0642089205825515,2.0932015026814,1.37420343508429,2.84330389312741,0.372195479861846
"358","s30","2143","happy",-0.3942418,0.271646856517322,0.205477964985085,0.337786692994463,0.03348438067279,2.90040348452581,2.14177813337708,3.72180125826994,0.397387199274556
"359","s30","2152","neutral",-1,0.28097881249246,0.230296467835824,0.331903856716542,0.0255567703489074,3.05603596807018,2.36236669197253,3.8491435642945,0.378034163415761
"360","s30","2162","neutral",-1,0.28097881249246,0.230296467835824,0.331903856716542,0.0255567703489074,3.05603596807018,2.36236669197253,3.8491435642945,0.378034163415761
"361","s31","1113","happy",-0.0723380000000001,0.297761357637169,0.239064991518975,0.355327886261955,0.0294538521799468,2.65774965077446,1.99581760549356,3.39747067665245,0.358622293234097
"362","s31","1121","angry",0.2224392,0.618456011039208,0.515947872899409,0.766281522959347,0.0646965217948703,1.62813550803672,1.0248534336984,2.23712724276845,0.30724834468692
"363","s31","1131","angry",0.0994645999999999,0.588208962025794,0.499518124122684,0.710938546120771,0.0537264625822185,1.69621787458552,1.10630950322185,2.29672478190019,0.3030736336759
"364","s31","1143","happy",0.144676,0.284149966411099,0.210334289144517,0.355843795646107,0.0369547902227698,2.52656226456721,1.83078167986564,3.2750175958804,0.365667894910726
"365","s31","1152","neutral",-0.5443432,0.321911263804402,0.268746105692475,0.375464711614203,0.026913878104009,2.72490708215058,2.10081887907439,3.44434140474614,0.337909908444079
"366","s31","1162","neutral",-0.640191,0.321904959855232,0.269277417883345,0.37521597455346,0.0270654829986986,2.76568792742302,2.12642941363676,3.49943576795769,0.345754889778202
"367","s31","2111","angry",0,0.56710916533005,0.472744760252464,0.694113134190697,0.0564371285787831,1.7512844115438,1.14014667001835,2.36718613594672,0.312247720091221
"368","s31","2123","happy",-0.3924334,0.315902371298136,0.246739736752704,0.392462434071829,0.0364318035128803,2.85125089430237,2.11130475738772,3.63782985134867,0.391596377286403
"369","s31","2131","angry",0.1916956,0.61038396062337,0.5125898337365,0.745907413315316,0.0601420688054885,1.64515607199245,1.04667658134986,2.24863132657913,0.304593155061917
"370","s31","2142","neutral",-0.4141348,0.32200014465596,0.267420903498856,0.377870237946313,0.0276832129986967,2.66950665967272,2.05994400288682,3.36502143938863,0.330757964704108
"371","s31","2153","happy",-0.0397857999999999,0.29579579339474,0.236299074536542,0.353773689382917,0.02989184920525,2.63807148239226,1.97887846106911,3.37844456706499,0.358118055744494
"372","s31","2162","neutral",-0.7179542,0.321932541764481,0.268567548597995,0.376318747571175,0.0275842630654542,2.79877422702605,2.14860902380804,3.54834155195171,0.353618747220064
"373","s32","1113","happy",0.2369068,0.153742844944393,0.105769587982249,0.199511068757486,0.0235565390956202,4.23556459646442,3.18525960986168,5.38870484828078,0.568786076801575
"374","s32","1121","angry",-0.4937066,0.149134356894394,0.0988864534168583,0.201638397546509,0.026034566351026,4.39138222358141,3.14546772477431,5.85479325573793,0.689382308160261
"375","s32","1133","happy",-0.0253182000000001,0.16055663232669,0.11562235976176,0.204694981894046,0.0225198257286929,4.35186877382585,3.29927336695063,5.50216907941897,0.564964741125562
"376","s32","1142","neutral",-0.0289351999999999,0.138887917780817,0.0988091278557719,0.178298451094616,0.0204375078288324,4.20763636057318,3.23498359092766,5.2863660720745,0.520670668724065
"377","s32","1151","angry",-0.1338252,0.148141305997165,0.105758593943405,0.190809506334098,0.0215226645223598,4.28305309804225,3.14629216121008,5.61536709573114,0.627219309917891
"378","s32","1162","neutral",-0.0036168,0.138235092934972,0.0978869346651664,0.177684848175256,0.0206264547759895,4.19994408662585,3.22701865367495,5.28340788649157,0.520909025323909
"379","s32","2113","happy",-0.1519098,0.163723022959607,0.115076939109264,0.212351425363996,0.0244546011179174,4.40801571595138,3.34101666412614,5.57802899928596,0.573447648867213
"380","s32","2121","angry",0.0289351999999999,0.147820373245507,0.102207717610582,0.1931732041348,0.0229860992900096,4.2340600358712,3.07728872891816,5.54647530460305,0.623407656528779
"381","s32","2133","happy",0.390625,0.149568042191598,0.0946501134561772,0.202707799203775,0.0273288086515081,4.16738624277396,3.09881842511776,5.3534296929222,0.584224893375862
"382","s32","2142","neutral",-0.4937066,0.150528171391567,0.1116254805326,0.189477238031482,0.0197289864744152,4.34884389863592,3.35506285787244,5.4403920159825,0.534791764287753
"383","s32","2152","neutral",-0.4701968,0.149954054654423,0.111359719930555,0.188556038294691,0.0196405413736288,4.34170111623074,3.3495205845325,5.43002602048973,0.533255994516272
"384","s32","2161","angry",0,0.147871329508384,0.103272185151972,0.192319104793065,0.0225570713125191,4.24276991894185,3.08725665715882,5.55552409501618,0.62290979403727
"385","s33","1112","neutral",-0.938585,0.228595236450138,0.181855114927895,0.274134410476848,0.023312130149854,3.59914954599231,2.7422132829784,4.56898214890702,0.466298652354076
"386","s33","1122","neutral",-0.9856048,0.229552846998716,0.182730635897365,0.275389313393636,0.0234951373119768,3.61400140304316,2.7542925524526,4.6000767124593,0.471671633579078
"387","s33","1131","angry",0.3942418,0.226877709501936,0.174040319641404,0.282101290525735,0.0273522991334386,3.32868151038203,2.44766503697276,4.35925449538352,0.479727206207635
"388","s33","1141","angry",0.817419,0.233156473486337,0.178638702174379,0.290049101671724,0.028303017295369,3.21912090853596,2.28401639129105,4.26732685109622,0.506738089397165
"389","s33","1153","happy",0.6329572,0.223104731369379,0.165485440002601,0.280234634050681,0.0288647645780923,2.91131587941688,2.07128656233076,3.76187722286532,0.428456090307033
"390","s33","1163","happy",0.833695,0.219515310480424,0.14943084856993,0.287612519042896,0.0349662210713834,2.79953248626915,1.90165793910336,3.71465732324826,0.457997959863594
"391","s33","2113","happy",0.2640336,0.229248628874061,0.172603286323389,0.287655904580565,0.0294418364334556,3.11675567112665,2.30720794013871,3.94231164149943,0.412616925853365
"392","s33","2121","angry",0.9440104,0.235420943784706,0.175044012159107,0.299639958812435,0.0315783797890339,3.18634638766731,2.19830308277918,4.29643586976426,0.53374692276379
"393","s33","2131","angry",0.801143,0.232879863637538,0.178754779455063,0.289021054004439,0.027977089112847,3.2233347658885,2.29674762155978,4.27161925991334,0.503828316265994
"394","s33","2143","happy",0.7269966,0.2214464584625,0.159410470904849,0.282186771970948,0.0311793975416392,2.85894884529786,1.9995021828492,3.73987776852085,0.440659582186597
"395","s33","2152","neutral",-0.9856048,0.229552846998716,0.182730635897365,0.275389313393636,0.0234951373119768,3.61400140304316,2.7542925524526,4.6000767124593,0.471671633579078
"396","s33","2162","neutral",-0.9765624,0.229369058501791,0.182435378975347,0.274969474539669,0.023455916628516,3.61114523538195,2.75170695512521,4.59363741061366,0.470620916021209
"397","s34","1113","happy",-0.1374422,0.208809887399359,0.122953284148976,0.290312185839275,0.0424159649399001,2.37274708606531,1.6798816057925,3.09872870097717,0.35812317151154
"398","s34","1122","neutral",-1,0.284906708932677,0.231770180087679,0.342161586295832,0.0282810357581966,2.56333707822635,1.96675340604363,3.24272103892431,0.326716930490937
"399","s34","1131","angry",-0.511791,0.341432962610295,0.258019147048093,0.430768211436951,0.0438834384013814,1.80361612247092,1.22528215270187,2.42375146741344,0.306813976717549
"400","s34","1143","happy",-0.689019,0.255813662060836,0.195929232377516,0.316723633263446,0.0308814793017918,2.65539176168202,1.93909000812629,3.42270932256281,0.376569130369487
"401","s34","1151","angry",-0.7468894,0.333009791035377,0.258925256661718,0.410412397112999,0.0381694477558889,1.79792664012163,1.22046722181318,2.43809828907408,0.312484064680727
"402","s34","1162","neutral",-1,0.284906708932677,0.231770180087679,0.342161586295832,0.0282810357581966,2.56333707822635,1.96675340604363,3.24272103892431,0.326716930490937
"403","s34","2111","angry",-1,0.326140373474649,0.229841906360416,0.432167693342693,0.0513646289059047,1.79180125478885,1.11808002756926,2.51401388024356,0.358646598611047
"404","s34","2122","neutral",-1,0.284906708932677,0.231770180087679,0.342161586295832,0.0282810357581966,2.56333707822635,1.96675340604363,3.24272103892431,0.326716930490937
"405","s34","2131","angry",-0.748698,0.332952418883143,0.258911886769439,0.410736670237178,0.0381952046261224,1.79788287122411,1.21939720658176,2.43797437272806,0.312678140674775
"406","s34","2143","happy",-0.5190248,0.242392228955244,0.182655774494459,0.302071232037375,0.0301830437905916,2.56828157953563,1.88192516989219,3.29505714226138,0.358324115470891
"407","s34","2153","happy",-0.9982638,0.278358283083257,0.205482093395131,0.360101255995268,0.0392699826747177,2.81385817321738,1.99174374648116,3.69423282202603,0.432766538890464
"408","s34","2162","neutral",-1,0.284906708932677,0.231770180087679,0.342161586295832,0.0282810357581966,2.56333707822635,1.96675340604363,3.24272103892431,0.326716930490937
"409","s35","1111","angry",-0.2224392,0.268736753356216,0.219270336397386,0.319984402201055,0.0253743501736696,4.29235495727542,3.19661627967815,5.57920760888557,0.605484224925887
"410","s35","1122","neutral",0.016276,0.294661217443805,0.254105731191817,0.337869419308656,0.0214065280817418,3.81440201690553,2.97601486394211,4.746099478331,0.45186879675422
"411","s35","1133","happy",0.0126592,0.295653104807561,0.250325128583486,0.341200945978732,0.0230306199217594,3.97440281678277,3.03790341953448,5.02132715679841,0.505263240243691
"412","s35","1142","neutral",0.3526476,0.292738694838075,0.245150743136269,0.344779067002528,0.0253583595294647,3.68405586765657,2.83181213971172,4.64423472687025,0.458482441708326
"413","s35","1153","happy",0.2586082,0.295119387442535,0.242247563379148,0.348277283105821,0.026958073108418,3.82087903357239,2.89114653704611,4.86204277929066,0.503985850596388
"414","s35","1161","angry",0.0289351999999999,0.274242742484065,0.230334229156159,0.31899913912989,0.0223082617595849,4.17897584933423,3.1460490374857,5.40279004281476,0.571398680999638
"415","s35","2113","happy",-0.0108506,0.295713782347962,0.250145509874572,0.341516565918404,0.0231489865307477,3.98907786501846,3.05675578291854,5.04056860141316,0.506698295394219
"416","s35","2123","happy",0.016276,0.295643907117743,0.250248063415476,0.341130947701454,0.0230198901970077,3.97214517467357,3.03595598266023,5.01907119652152,0.505062482924735
"417","s35","2132","neutral",-0.3291378,0.296773851474191,0.255707125173745,0.341215041013624,0.0218224455469678,3.9482520765641,3.08295182374051,4.90232682534194,0.466206797321392
"418","s35","2142","neutral",0.0180844,0.294650476841253,0.254068123403461,0.337908907770638,0.0214162065983485,3.81370125032386,2.9743042262603,4.74562601958792,0.451849616554924
"419","s35","2151","angry",0.068721,0.275184743919166,0.231744142167248,0.32077082923519,0.022455775809621,4.16103098894778,3.13639354203676,5.37342083786766,0.569477172369364
"420","s35","2161","angry",0.3074364,0.28130193034173,0.229628927091828,0.337929579621295,0.0273174938385413,4.05336155600702,2.99530849273288,5.27762661399138,0.578798678200987
"421","s36","1113","happy",-0.0632958,0.0880355298973419,-0.0418903069298232,0.195812523254448,0.0603715549248987,1.53247298426834,0.970290366085631,2.11728043800475,0.287464608014671
"422","s36","1122","neutral",-0.0180844,0.295288235674679,0.200747692326067,0.388303256215401,0.0473789779209288,1.44177215907335,0.99251704268183,1.92244483854272,0.237223156212691
"423","s36","1131","angry",0.229673,1.06462085830511,0.661859627277573,2.44325660586673,2.73839386938577,0.891056021983048,0.266400928476334,1.51479872519214,0.31800756021621
"424","s36","1142","neutral",-0.5570024,0.320898337374204,0.238269396344862,0.404866702729943,0.0421249022643922,1.56999588719282,1.09394539521779,2.07728315870745,0.250485228070996
"425","s36","1151","angry",0.5009404,1.26900661944009,0.793941323500028,4.39138590516356,9.77123862550439,0.743902350007893,0.11832007576614,1.37022867413797,0.318626180514388
"426","s36","1163","happy",0.245949,0.0403067893959831,-0.102677009424486,0.146702264502643,0.0642903399520302,1.36927066153243,0.856665292056685,1.91021884145481,0.269146452880539
"427","s36","2111","angry",0.8789062,-2.38120996637026,-11.371608274284,13.3591563659239,453.214476610458,0.53886829375555,-0.297761760557085,1.33068246872059,0.413698592178796
"428","s36","2122","neutral",0.0651042,0.291141935830411,0.190400658598199,0.391198764109087,0.050475960270021,1.42197925471863,0.967034064638201,1.91421304658322,0.240693540333154
"429","s36","2131","angry",0.5551938,1.51628333347414,0.800060959076028,5.34910816444233,43.7476275701543,0.71447165901024,0.0685314095869927,1.35251807797879,0.32645483405776
"430","s36","2143","happy",0.1464844,0.0571182977695598,-0.0749140869512836,0.157476532456172,0.0594852288082191,1.42176258298106,0.897113739984899,1.96117403319027,0.26934207385392
"431","s36","2152","neutral",-0.8228444,0.332966472930919,0.24075164252664,0.432569977832018,0.0485838325425318,1.63324716536637,1.09129059130173,2.19443388153704,0.277339408208488
"432","s36","2163","happy",0.6618924,-0.0611202169017362,-0.410870662777112,0.145205075297479,0.246825886705237,1.14975871175454,0.515179170057514,1.79057130368837,0.323436191402993
"433","s37","1112","neutral",-1,0.328522181585959,0.289014853621642,0.369283193060448,0.0203339159731864,4.62775680173919,3.61733527772868,5.7625528116379,0.548543920510201
"434","s37","1123","happy",0.5389178,0.289111119294179,0.229558854137269,0.34489417456372,0.0293836285358094,4.09489836567702,3.03924021774636,5.33160824310049,0.580428078436844
"435","s37","1131","angry",-0.3815828,0.317599233749106,0.273799757829408,0.363240255147858,0.0228732793359631,4.66091668773289,3.52379872803345,5.98133772495808,0.628890425751031
"436","s37","1143","happy",0.249566,0.302371460447091,0.259112335456096,0.345255901185584,0.0221667314400874,4.24851245495945,3.2443244481282,5.41555156530269,0.551625728233703
"437","s37","1151","angry",0.4918982,0.322974969775742,0.268664212934645,0.381573690602705,0.0285009429450977,4.36427081962319,3.21624077243295,5.70512341040458,0.635238260437134
"438","s37","1162","neutral",-0.817419,0.325645496740798,0.28735460782477,0.364254641245757,0.019471987377808,4.57102917809785,3.58811706654029,5.66001326505251,0.533194153643666
"439","s37","2112","neutral",-1,0.328522181585959,0.289014853621642,0.369283193060448,0.0203339159731864,4.62775680173919,3.61733527772868,5.7625528116379,0.548543920510201
"440","s37","2122","neutral",-1,0.328522181585959,0.289014853621642,0.369283193060448,0.0203339159731864,4.62775680173919,3.61733527772868,5.7625528116379,0.548543920510201
"441","s37","2133","happy",0.2061632,0.304291918807939,0.261398991580296,0.347320887730905,0.0219727872925469,4.27155458427853,3.2722280160603,5.42989420789351,0.549786126452838
"442","s37","2143","happy",0.1681858,0.305958875545444,0.263055578294962,0.349208957066541,0.0220115439523696,4.2917164208882,3.29046850027247,5.44773836429869,0.548730289524159
"443","s37","2151","angry",-1,0.315217303096038,0.252934933567862,0.384269216124669,0.0334469009049291,4.87093946687517,3.44520768280532,6.55299064706793,0.786699005352429
"444","s37","2161","angry",0.5334924,0.323306171131008,0.26726163015875,0.384029104331693,0.0294815077413372,4.35014487118547,3.19380964645555,5.71578317593064,0.642930804286397
"445","s38","1112","neutral",-1,0.233731970021348,0.195169260512479,0.274181167827759,0.0202121948446915,4.6914531320968,3.6268925510918,5.92904368513149,0.582385140945392
"446","s38","1123","happy",-0.6673178,0.211134234532268,0.167642982261119,0.253398355453491,0.021953697191275,4.93049024249928,3.76630655984037,6.33378636859179,0.650969789677969
"447","s38","1131","angry",0.1718026,0.219104545663335,0.163801483284396,0.274732514809768,0.0278942386602954,4.30525009637917,3.12620992005207,5.63901289275369,0.640892755081084
"448","s38","1142","neutral",-0.052445,0.218725271848668,0.1755743039278,0.263129266610943,0.0222627364813345,4.34222704432464,3.3491335895085,5.50512770007101,0.544873399406147
"449","s38","1153","happy",-0.584129,0.211275053909994,0.17001702522762,0.251805705361908,0.0208457910656647,4.87702931070561,3.73090137811035,6.24352327833461,0.637548949431498
"450","s38","1161","angry",-0.9042246,0.207417047312357,0.157537685279183,0.25776369771481,0.0255830295041265,4.82960315693934,3.43019598117548,6.44493829671926,0.763358621463308
"451","s38","2113","happy",-0.4900896,0.211439610131626,0.170776578092972,0.251280721871978,0.0203103492153591,4.81659528654228,3.69830051009818,6.1505735520713,0.624629941506845
"452","s38","2121","angry",-0.052445,0.216179805587092,0.169636002445867,0.261653321016007,0.0233742642741681,4.41452699512603,3.27907285698873,5.72716993653859,0.6242667006775
"453","s38","2132","neutral",-0.4900896,0.225838579798751,0.189214957927503,0.263955325511146,0.0189762089854321,4.50352312897684,3.50251167184613,5.66633690561415,0.546952407239121
"454","s38","2142","neutral",-1,0.233731970021348,0.195169260512479,0.274181167827759,0.0202121948446915,4.6914531320968,3.6268925510918,5.92904368513149,0.582385140945392
"455","s38","2151","angry",-1,0.206611558095671,0.153998437643348,0.260755740800194,0.0272085043260752,4.87627495493513,3.42263773582513,6.54665225908067,0.794632348646634
"456","s38","2163","happy",-0.4557292,0.211501257118649,0.17075944456147,0.251298783602266,0.0203284018472735,4.79451372026409,3.68168239780008,6.11198927364552,0.620534391207825
"457","s39","1111","angry",-0.0036168,0.30974668048365,0.269156004813446,0.353263562661626,0.0215652195172896,4.28818031534373,3.29158927178304,5.42829501354757,0.544379169044689
"458","s39","1121","angry",-0.0217014000000001,0.309519605215218,0.268978739154042,0.353653437497945,0.0216038935130641,4.29423589596109,3.29708380935897,5.43678803950998,0.545178889734248
"459","s39","1132","neutral",-0.0253182000000001,0.291128243606994,0.252778876523732,0.330327613403088,0.0198133456464611,4.25172600471476,3.34148679003193,5.27438265286109,0.484728941941396
"460","s39","1143","happy",0.1229746,0.282281739224159,0.238770859772789,0.325548109657704,0.0223248678788961,4.42010392486468,3.38628997642162,5.60061206876971,0.563657206066086
"461","s39","1152","neutral",-0.00723380000000002,0.290960358844496,0.252640373132171,0.330331448652244,0.0198729528064819,4.24549077050164,3.33369366007789,5.26700446220167,0.484500996754753
"462","s39","1163","happy",0.390625,0.27939388864884,0.232441667553874,0.325425839672628,0.023972858606179,4.26934430844052,3.23740004947852,5.46724760469433,0.572167838781681
"463","s39","2111","angry",0.1537182,0.311887183301203,0.267324453388692,0.359102252628879,0.0232633759937455,4.23549710551698,3.22358124062388,5.37648335755107,0.546990119041164
"464","s39","2122","neutral",-0.0108506,0.290993926647119,0.252594895259208,0.330241035603105,0.0198601308727676,4.24673778976145,3.33478359173659,5.26808465890234,0.484542420274145
"465","s39","2133","happy",0.3815828,0.279491710328742,0.233002424721607,0.325221348560807,0.023780572755552,4.27443751436747,3.24136389629804,5.46967260237639,0.571479421631686
"466","s39","2141","angry",-0.0488282,0.309186046314359,0.268497658970423,0.353693394729417,0.0217505965210349,4.3033192334024,3.30173467860678,5.44585965701295,0.546800249116108
"467","s39","2153","happy",0.2839266,0.280547113862215,0.236746385336492,0.324347441528607,0.0222934826133158,4.32944438621762,3.30208037312963,5.53463080130086,0.565808089728063
"468","s39","2162","neutral",-0.0361689999999999,0.291229025834957,0.252916341346568,0.330352679314634,0.0197829855423821,4.25546720040827,3.3445088225481,5.27701282987591,0.484890681851937
